Source File	Size	loadResources	load	generateSnapshots	load-configure	scan	loadDepInfo	loadInfo	checkR4R4B	generateNarratives	validate	loadLists	checkConformanceResources	checkConformanceResources2	checkConformanceResources3	generateLogicalMaps	validateExpressions	scanForUsageStats	checkURLsUnique	processProvenanceDetails	translate	generate1	generate2	generateLogicals	makeDependencies	generateExampleZip	generateValidationPack	scanProfilesForR5	scanExamplesForR5
/fsh-generated/resources/ImplementationGuide-ans.fhir.fr.mss.json	8923	-	0	0	0	0	0	0	19	67	0	0	0	0	0	0	0	0	0	0	21	161	486	0	0	0	4	0	0
fsh-generated/resources/Bundle-mss-bundle-bal-per-elements.json	3703	5	12	0	3	0	0	0	1	830	0	0	0	0	0	0	0	0	0	0	22	21	52	0	0	1	0	0	0
fsh-generated/resources/Bundle-mss-bundle-bal-per-full.json	3680	3	3	0	0	0	0	0	0	4	0	0	0	0	0	0	0	0	0	0	11	18	36	0	0	0	0	0	0
fsh-generated/resources/CapabilityStatement-AsMssServerCapabilityStatement.json	4653	3	0	0	0	0	0	0	1	26	0	0	0	0	1	0	0	0	0	0	11	73	78	0	0	0	1	0	1
fsh-generated/resources/Practitioner-mss-practitioner-bal-per-dupont-elements.json	1188	3	0	0	0	0	0	0	0	6	0	0	0	0	0	0	0	0	0	0	11	13	20	0	0	0	0	0	0
fsh-generated/resources/Practitioner-mss-practitioner-bal-per-dupont.json	1180	2	0	0	0	0	0	0	0	3	0	0	0	0	0	0	0	0	0	0	11	12	19	0	0	0	0	0	0
fsh-generated/resources/Practitioner-mss-practitioner-bal-per-martin-elements.json	1182	2	0	0	0	0	0	0	1	3	0	0	0	0	0	0	0	0	0	0	7	12	19	0	0	0	0	0	0
fsh-generated/resources/Practitioner-mss-practitioner-bal-per-martin.json	1170	3	0	0	0	0	0	0	0	2	0	0	0	0	0	0	0	0	0	0	8	12	18	0	0	0	0	0	0
fsh-generated/resources/StructureDefinition-as-bal-mss-app.json	3124	3	0	10	0	0	0	0	0	61	0	0	1	0	0	0	0	0	0	0	1	101	1806	0	0	0	2	0	0
fsh-generated/resources/StructureDefinition-as-bal-mss-cab.json	2245	2	0	9	0	0	0	0	0	10	0	0	1	0	0	0	0	1	0	0	1	78	351	0	0	0	1	0	0
fsh-generated/resources/StructureDefinition-as-bal-mss-org.json	3136	3	0	8	1	0	0	0	0	12	0	0	0	0	0	0	0	0	0	0	0	96	255	0	0	0	2	0	0
fsh-generated/resources/StructureDefinition-as-bal-mss-per.json	2361	2	0	8	0	0	0	0	0	11	0	0	1	0	0	0	0	0	0	0	1	76	212	0	0	0	1	0	0
/fsh-generated/includes/fsh-link-references.md	867	-	-	-	0	0	0	0	0	0	0	0	0	0	0	0	0	0	0	0	0	0	1	0	0	0	0	0	0
/fsh-generated/includes/menu.xml	2234	-	-	-	0	0	0	0	0	0	0	0	0	0	0	0	0	0	0	0	0	0	0	0	0	0	0	0	0
/input/data/features.yml	194	-	-	-	0	0	0	0	0	0	0	0	0	0	0	0	0	0	0	0	0	0	0	0	0	0	0	0	0
/input/pagecontent/change-log.md	830	-	-	-	0	0	0	0	0	0	0	0	0	0	0	0	0	0	0	0	0	0	0	0	0	0	0	0	0
/input/pagecontent/index.md	3211	-	-	-	0	0	0	0	0	0	0	0	0	0	0	0	0	0	0	0	0	0	1	0	0	0	0	0	0
/input/pagecontent/spec-technique-intro.md	4343	-	-	-	0	0	0	0	0	0	0	0	0	0	0	0	0	0	0	0	0	0	0	0	0	0	0	0	0
/input/pagecontent/translationinfo.md	58	-	-	-	0	0	0	0	0	0	0	0	0	0	0	0	0	0	0	0	0	0	1	0	0	0	0	0	0
/input/pagecontent/spec-fonctionnelle-intro.md	1341	-	-	-	0	0	0	0	0	0	0	0	0	0	0	0	0	0	0	0	0	0	0	0	0	0	0	0	0
/input/pagecontent/spec-technique-flux-consommation.md	4971	-	-	-	0	0	0	0	0	0	0	0	0	0	0	0	0	0	0	0	0	0	1	0	0	0	0	0	0
/input/pagecontent/spec-technique-flux-alimentation.md	8754	-	-	-	0	0	0	0	0	0	0	0	0	0	0	0	0	0	0	0	0	0	1	0	0	0	0	0	0
/input/pagecontent/spec-fonctionnelle-alimentation.md	5748	-	-	-	0	0	0	0	0	0	0	0	0	0	0	0	0	0	0	0	0	0	1	0	0	0	0	0	0
/input/pagecontent/spec-technique-vue-ensemble.md	2424	-	-	-	0	0	0	0	0	0	0	0	0	0	0	0	0	0	0	0	0	0	0	0	0	0	0	0	0
/template/config	0	-	-	-	0	0	0	0	0	0	0	0	0	0	0	0	0	0	0	0	0	0	0	0	0	0	0	0	0
/template/config/_config.yml	140	-	-	-	0	0	0	0	0	0	0	0	0	0	0	0	0	0	0	0	0	0	1	0	0	0	0	0	0
/input/images	0	-	-	-	0	0	0	0	0	0	0	0	0	0	0	0	0	0	0	0	0	0	0	0	0	0	0	0	0
/input/images/anImage.png	36288	-	-	-	0	0	0	0	0	0	0	0	0	0	0	0	0	0	0	0	0	0	0	0	0	0	0	0	0
/input/images/ci-sis-logo.png	61365	-	-	-	0	0	0	0	0	0	0	0	0	0	0	0	0	0	0	0	0	0	1	0	0	0	0	0	0
/temp/pages/_includes/artifacts.xml	216	-	-	-	-	-	-	-	-	-	-	-	-	-	-	-	-	-	-	-	-	-	0	0	0	0	0	0	0
/temp/pages/_includes/fragment-artifacts-table.html	3443	-	-	-	-	-	-	-	-	-	-	-	-	-	-	-	-	-	-	-	-	-	1	0	0	0	0	0	0
